timestamp,index,mode,signal,entry,target,stop_loss,executed,ml_signal,ml_confidence,exit_price,result
2025-04-22T08:20:19.104288,NIFTY,swing,SELL CALL,24121.2,23273.05,24362.412,False,SELL CALL,0.35,0,PENDING
2025-04-22T08:20:20.208647,NIFTY,swing,SELL CALL,24121.2,23273.05,24362.412,False,SELL CALL,0.35,0,PENDING
2025-04-22T08:20:24.724432,NIFTY,swing,SELL CALL,24121.2,23273.05,24362.412,False,SELL CALL,0.35,0,PENDING
2025-04-22T08:20:25.975673,NIFTY,swing,SELL CALL,24121.2,23273.05,24362.412,False,SELL CALL,0.35,0,PENDING
2025-04-22T08:20:27.207835,NIFTY,swing,SELL CALL,24121.2,23273.05,24362.412,False,SELL CALL,0.35,0,PENDING
2025-04-22T08:20:28.579116,NIFTY,swing,SELL CALL,24121.2,23273.05,24362.412,False,SELL CALL,0.35,0,PENDING
2025-04-22T08:20:36.242019,NIFTY,swing,SELL CALL,24121.2,23273.05,24362.412,False,SELL CALL,0.35,0,PENDING
2025-04-22T08:20:42.251556,NIFTY,swing,SELL CALL,24121.2,23273.05,24362.412,False,SELL CALL,0.35,0,PENDING
2025-04-22T08:22:18.594474,NIFTY,swing,SELL CALL,24121.2,23273.05,24362.412,False,SELL CALL,0.35,0,PENDING
2025-04-22T08:22:49.442560,NIFTY,swing,SELL CALL,24121.2,23273.05,24362.412,False,SELL CALL,0.35,0,PENDING
2025-04-22T08:22:50.436021,NIFTY,swing,SELL CALL,24121.2,23273.05,24362.412,False,SELL CALL,0.35,0,PENDING
2025-04-22T08:22:51.568080,NIFTY,swing,SELL CALL,24121.2,23273.05,24362.412,False,SELL CALL,0.35,0,PENDING
2025-04-22T08:22:52.551817,NIFTY,swing,SELL CALL,24121.2,23273.05,24362.412,False,SELL CALL,0.35,0,PENDING
2025-04-22T08:22:53.505131,NIFTY,swing,SELL CALL,24121.2,23273.05,24362.412,False,SELL CALL,0.35,0,PENDING
2025-04-22T08:22:54.487050,NIFTY,swing,SELL CALL,24121.2,23273.05,24362.412,False,SELL CALL,0.35,0,PENDING
2025-04-22T08:22:56.254359,NIFTY,swing,SELL CALL,24121.2,23273.05,24362.412,False,SELL CALL,0.35,0,PENDING
2025-04-22T08:23:05.305161,NIFTY,swing,SELL CALL,24121.2,23273.05,24362.412,False,SELL CALL,0.35,0,PENDING
2025-04-22T08:23:08.071742,NIFTY,swing,SELL CALL,24121.2,23273.05,24362.412,False,SELL CALL,0.35,0,PENDING
2025-04-22T08:23:08.951401,NIFTY,swing,SELL CALL,24121.2,23273.05,24362.412,False,SELL CALL,0.35,0,PENDING
2025-04-22T08:23:09.977700,NIFTY,swing,SELL CALL,24121.2,23273.05,24362.412,False,SELL CALL,0.35,0,PENDING
2025-04-22T08:23:10.916957,NIFTY,swing,SELL CALL,24121.2,23273.05,24362.412,False,SELL CALL,0.35,0,PENDING
2025-04-22T08:23:12.115927,NIFTY,swing,SELL CALL,24121.2,23273.05,24362.412,False,SELL CALL,0.35,0,PENDING
2025-04-22T08:23:13.632247,NIFTY,swing,SELL CALL,24121.2,23273.05,24362.412,False,SELL CALL,0.35,0,PENDING
2025-04-22T08:23:14.621244,NIFTY,swing,SELL CALL,24121.2,23273.05,24362.412,False,SELL CALL,0.35,0,PENDING
2025-04-22T08:23:15.499592,NIFTY,swing,SELL CALL,24121.2,23273.05,24362.412,False,SELL CALL,0.35,0,PENDING
2025-04-22T08:23:16.541578,NIFTY,swing,SELL CALL,24121.2,23273.05,24362.412,False,SELL CALL,0.35,0,PENDING
2025-04-22T08:23:17.712304,NIFTY,swing,SELL CALL,24121.2,23273.05,24362.412,False,SELL CALL,0.35,0,PENDING
2025-04-22T08:23:18.746775,NIFTY,swing,SELL CALL,24121.2,23273.05,24362.412,False,SELL CALL,0.35,0,PENDING
2025-04-22T08:23:19.626370,NIFTY,swing,SELL CALL,24121.2,23273.05,24362.412,False,SELL CALL,0.35,0,PENDING
2025-04-22T08:23:20.636187,NIFTY,swing,SELL CALL,24121.2,23273.05,24362.412,False,SELL CALL,0.35,0,PENDING
2025-04-22T08:23:21.526662,NIFTY,swing,SELL CALL,24121.2,23273.05,24362.412,False,SELL CALL,0.35,0,PENDING
2025-04-22T08:23:22.572988,NIFTY,swing,SELL CALL,24121.2,23273.05,24362.412,False,SELL CALL,0.35,0,PENDING
2025-04-22T08:23:23.456061,NIFTY,swing,SELL CALL,24121.2,23273.05,24362.412,False,SELL CALL,0.35,0,PENDING
2025-04-22T08:23:24.481125,NIFTY,swing,SELL CALL,24121.2,23273.05,24362.412,False,SELL CALL,0.35,0,PENDING
2025-04-22T08:23:25.410065,NIFTY,swing,SELL CALL,24121.2,23273.05,24362.412,False,SELL CALL,0.35,0,PENDING
2025-04-22T08:23:26.432054,NIFTY,swing,SELL CALL,24121.2,23273.05,24362.412,False,SELL CALL,0.35,0,PENDING
2025-04-22T08:23:27.325580,NIFTY,swing,SELL CALL,24121.2,23273.05,24362.412,False,SELL CALL,0.35,0,PENDING
2025-04-22T08:23:28.384980,NIFTY,swing,SELL CALL,24121.2,23273.05,24362.412,False,SELL CALL,0.35,0,PENDING
2025-04-22T08:23:29.367171,NIFTY,swing,SELL CALL,24121.2,23273.05,24362.412,False,SELL CALL,0.35,0,PENDING
2025-04-22T08:23:30.466321,NIFTY,swing,SELL CALL,24121.2,23273.05,24362.412,False,SELL CALL,0.35,0,PENDING
2025-04-22T08:23:31.346455,NIFTY,swing,SELL CALL,24121.2,23273.05,24362.412,False,SELL CALL,0.35,0,PENDING
2025-04-22T08:23:32.364566,NIFTY,swing,SELL CALL,24121.2,23273.05,24362.412,False,SELL CALL,0.35,0,PENDING
2025-04-22T08:23:33.268876,NIFTY,swing,SELL CALL,24121.2,23273.05,24362.412,False,SELL CALL,0.35,0,PENDING
2025-04-22T08:23:34.253740,NIFTY,swing,SELL CALL,24121.2,23273.05,24362.412,False,SELL CALL,0.35,0,PENDING
2025-04-22T08:23:35.267540,NIFTY,swing,SELL CALL,24121.2,23273.05,24362.412,False,SELL CALL,0.35,0,PENDING
2025-04-22T08:23:36.310175,NIFTY,swing,SELL CALL,24121.2,23273.05,24362.412,False,SELL CALL,0.35,0,PENDING
2025-04-22T08:23:37.211968,NIFTY,swing,SELL CALL,24121.2,23273.05,24362.412,False,SELL CALL,0.35,0,PENDING
2025-04-22T08:23:38.208754,NIFTY,swing,SELL CALL,24121.2,23273.05,24362.412,False,SELL CALL,0.35,0,PENDING
2025-04-22T08:23:39.097970,NIFTY,swing,SELL CALL,24121.2,23273.05,24362.412,False,SELL CALL,0.35,0,PENDING
2025-04-22T08:23:40.248154,NIFTY,swing,SELL CALL,24121.2,23273.05,24362.412,False,SELL CALL,0.35,0,PENDING
2025-04-22T08:23:41.586015,NIFTY,swing,SELL CALL,24121.2,23273.05,24362.412,False,SELL CALL,0.35,0,PENDING
2025-04-22T08:23:42.625669,NIFTY,swing,SELL CALL,24121.2,23273.05,24362.412,False,SELL CALL,0.35,0,PENDING
2025-04-22T08:23:43.550306,NIFTY,swing,SELL CALL,24121.2,23273.05,24362.412,False,SELL CALL,0.35,0,PENDING
2025-04-22T08:23:44.737072,NIFTY,swing,SELL CALL,24121.2,23273.05,24362.412,False,SELL CALL,0.35,0,PENDING
2025-04-22T08:23:45.710569,NIFTY,swing,SELL CALL,24121.2,23273.05,24362.412,False,SELL CALL,0.35,0,PENDING
2025-04-22T08:23:46.721282,NIFTY,swing,SELL CALL,24121.2,23273.05,24362.412,False,SELL CALL,0.35,0,PENDING
2025-04-22T08:23:47.754032,NIFTY,swing,SELL CALL,24121.2,23273.05,24362.412,False,SELL CALL,0.35,0,PENDING
2025-04-22T08:23:48.799182,NIFTY,swing,SELL CALL,24121.2,23273.05,24362.412,False,SELL CALL,0.35,0,PENDING
2025-04-22T08:23:49.842616,NIFTY,swing,SELL CALL,24121.2,23273.05,24362.412,False,SELL CALL,0.35,0,PENDING
2025-04-22T08:23:50.852864,NIFTY,swing,SELL CALL,24121.2,23273.05,24362.412,False,SELL CALL,0.35,0,PENDING
2025-04-22T08:23:51.728671,NIFTY,swing,SELL CALL,24121.2,23273.05,24362.412,False,SELL CALL,0.35,0,PENDING
2025-04-22T08:23:52.746219,NIFTY,swing,SELL CALL,24121.2,23273.05,24362.412,False,SELL CALL,0.35,0,PENDING
2025-04-22T08:23:53.632648,NIFTY,swing,SELL CALL,24121.2,23273.05,24362.412,False,SELL CALL,0.35,0,PENDING
2025-04-22T08:23:54.649785,NIFTY,swing,SELL CALL,24121.2,23273.05,24362.412,False,SELL CALL,0.35,0,PENDING
2025-04-22T08:23:55.514283,NIFTY,swing,SELL CALL,24121.2,23273.05,24362.412,False,SELL CALL,0.35,0,PENDING
2025-04-22T08:23:56.524153,NIFTY,swing,SELL CALL,24121.2,23273.05,24362.412,False,SELL CALL,0.35,0,PENDING
2025-04-22T08:23:57.404343,NIFTY,swing,SELL CALL,24121.2,23273.05,24362.412,False,SELL CALL,0.35,0,PENDING
2025-04-22T08:23:58.426704,NIFTY,swing,SELL CALL,24121.2,23273.05,24362.412,False,SELL CALL,0.35,0,PENDING
2025-04-22T08:23:59.281185,NIFTY,swing,SELL CALL,24121.2,23273.05,24362.412,False,SELL CALL,0.35,0,PENDING
2025-04-22T08:24:00.327335,NIFTY,swing,SELL CALL,24121.2,23273.05,24362.412,False,SELL CALL,0.35,0,PENDING
2025-04-22T08:24:01.191414,NIFTY,swing,SELL CALL,24121.2,23273.05,24362.412,False,SELL CALL,0.35,0,PENDING
2025-04-22T08:24:02.226609,NIFTY,swing,SELL CALL,24121.2,23273.05,24362.412,False,SELL CALL,0.35,0,PENDING
2025-04-22T08:24:03.118183,NIFTY,swing,SELL CALL,24121.2,23273.05,24362.412,False,SELL CALL,0.35,0,PENDING
2025-04-22T08:24:04.120086,NIFTY,swing,SELL CALL,24121.2,23273.05,24362.412,False,SELL CALL,0.35,0,PENDING
2025-04-22T08:24:05.000453,NIFTY,swing,SELL CALL,24121.2,23273.05,24362.412,False,SELL CALL,0.35,0,PENDING
2025-04-22T08:24:06.028355,NIFTY,swing,SELL CALL,24121.2,23273.05,24362.412,False,SELL CALL,0.35,0,PENDING
2025-04-22T08:24:06.905291,NIFTY,swing,SELL CALL,24121.2,23273.05,24362.412,False,SELL CALL,0.35,0,PENDING
2025-04-22T08:24:18.949832,NIFTY,swing,SELL CALL,24121.2,23273.05,24362.412,False,SELL CALL,0.35,0,PENDING
2025-04-22T08:24:19.954616,NIFTY,swing,SELL CALL,24121.2,23273.05,24362.412,False,SELL CALL,0.35,0,PENDING
2025-04-22T08:24:20.889419,NIFTY,swing,SELL CALL,24121.2,23273.05,24362.412,False,SELL CALL,0.35,0,PENDING
2025-04-22T08:24:21.964904,NIFTY,swing,SELL CALL,24121.2,23273.05,24362.412,False,SELL CALL,0.35,0,PENDING
2025-04-22T08:24:22.886263,NIFTY,swing,SELL CALL,24121.2,23273.05,24362.412,False,SELL CALL,0.35,0,PENDING
2025-04-22T08:24:23.902208,NIFTY,swing,SELL CALL,24121.2,23273.05,24362.412,False,SELL CALL,0.35,0,PENDING
2025-04-22T08:24:24.774364,NIFTY,swing,SELL CALL,24121.2,23273.05,24362.412,False,SELL CALL,0.35,0,PENDING
2025-04-22T08:24:25.867412,NIFTY,swing,SELL CALL,24121.2,23273.05,24362.412,False,SELL CALL,0.35,0,PENDING
2025-04-22T08:24:26.745579,NIFTY,swing,SELL CALL,24121.2,23273.05,24362.412,False,SELL CALL,0.35,0,PENDING
2025-04-22T08:24:27.782946,NIFTY,swing,SELL CALL,24121.2,23273.05,24362.412,False,SELL CALL,0.35,0,PENDING
2025-04-22T08:24:28.680126,NIFTY,swing,SELL CALL,24121.2,23273.05,24362.412,False,SELL CALL,0.35,0,PENDING
2025-04-22T08:24:29.646220,NIFTY,swing,SELL CALL,24121.2,23273.05,24362.412,False,SELL CALL,0.35,0,PENDING
2025-04-22T08:24:30.605136,NIFTY,swing,SELL CALL,24121.2,23273.05,24362.412,False,SELL CALL,0.35,0,PENDING
2025-04-22T08:24:31.609569,NIFTY,swing,SELL CALL,24121.2,23273.05,24362.412,False,SELL CALL,0.35,0,PENDING
2025-04-22T08:24:32.677404,NIFTY,swing,SELL CALL,24121.2,23273.05,24362.412,False,SELL CALL,0.35,0,PENDING
2025-04-22T08:24:33.556961,NIFTY,swing,SELL CALL,24121.2,23273.05,24362.412,False,SELL CALL,0.35,0,PENDING
2025-04-22T08:24:34.503265,NIFTY,swing,SELL CALL,24121.2,23273.05,24362.412,False,SELL CALL,0.35,0,PENDING
2025-04-22T08:24:35.464845,NIFTY,swing,SELL CALL,24121.2,23273.05,24362.412,False,SELL CALL,0.35,0,PENDING
2025-04-22T08:24:36.528402,NIFTY,swing,SELL CALL,24121.2,23273.05,24362.412,False,SELL CALL,0.35,0,PENDING
2025-04-22T08:24:37.466992,NIFTY,swing,SELL CALL,24121.2,23273.05,24362.412,False,SELL CALL,0.35,0,PENDING
2025-04-22T08:24:38.493621,NIFTY,swing,SELL CALL,24121.2,23273.05,24362.412,False,SELL CALL,0.35,0,PENDING
2025-04-22T08:24:39.387657,NIFTY,swing,SELL CALL,24121.2,23273.05,24362.412,False,SELL CALL,0.35,0,PENDING
2025-04-22T08:24:40.383879,NIFTY,swing,SELL CALL,24121.2,23273.05,24362.412,False,SELL CALL,0.35,0,PENDING
2025-04-22T08:24:41.454763,NIFTY,swing,SELL CALL,24121.2,23273.05,24362.412,False,SELL CALL,0.35,0,PENDING
2025-04-22T08:24:42.345677,NIFTY,swing,SELL CALL,24121.2,23273.05,24362.412,False,SELL CALL,0.35,0,PENDING
2025-04-22T08:24:43.334088,NIFTY,swing,SELL CALL,24121.2,23273.05,24362.412,False,SELL CALL,0.35,0,PENDING
2025-04-22T08:24:44.360705,NIFTY,swing,SELL CALL,24121.2,23273.05,24362.412,False,SELL CALL,0.35,0,PENDING
2025-04-22T08:24:45.308608,NIFTY,swing,SELL CALL,24121.2,23273.05,24362.412,False,SELL CALL,0.35,0,PENDING
2025-04-22T08:24:46.380847,NIFTY,swing,SELL CALL,24121.2,23273.05,24362.412,False,SELL CALL,0.35,0,PENDING
2025-04-22T08:24:47.280424,NIFTY,swing,SELL CALL,24121.2,23273.05,24362.412,False,SELL CALL,0.35,0,PENDING
2025-04-22T08:24:48.269288,NIFTY,swing,SELL CALL,24121.2,23273.05,24362.412,False,SELL CALL,0.35,0,PENDING
2025-04-22T08:24:49.327491,NIFTY,swing,SELL CALL,24121.2,23273.05,24362.412,False,SELL CALL,0.35,0,PENDING
2025-04-22T08:24:50.375777,NIFTY,swing,SELL CALL,24121.2,23273.05,24362.412,False,SELL CALL,0.35,0,PENDING
2025-04-22T08:24:51.353808,NIFTY,swing,SELL CALL,24121.2,23273.05,24362.412,False,SELL CALL,0.35,0,PENDING
2025-04-22T08:24:52.336156,NIFTY,swing,SELL CALL,24121.2,23273.05,24362.412,False,SELL CALL,0.35,0,PENDING
2025-04-22T08:24:53.348631,NIFTY,swing,SELL CALL,24121.2,23273.05,24362.412,False,SELL CALL,0.35,0,PENDING
2025-04-22T08:24:54.329545,NIFTY,swing,SELL CALL,24121.2,23273.05,24362.412,False,SELL CALL,0.35,0,PENDING
2025-04-22T08:24:55.362933,NIFTY,swing,SELL CALL,24121.2,23273.05,24362.412,False,SELL CALL,0.35,0,PENDING
2025-04-22T08:24:56.268160,NIFTY,swing,SELL CALL,24121.2,23273.05,24362.412,False,SELL CALL,0.35,0,PENDING
2025-04-22T08:24:57.298713,NIFTY,swing,SELL CALL,24121.2,23273.05,24362.412,False,SELL CALL,0.35,0,PENDING
2025-04-22T08:24:58.204341,NIFTY,swing,SELL CALL,24121.2,23273.05,24362.412,False,SELL CALL,0.35,0,PENDING
2025-04-22T08:24:59.176355,NIFTY,swing,SELL CALL,24121.2,23273.05,24362.412,False,SELL CALL,0.35,0,PENDING
2025-04-22T08:25:00.204384,NIFTY,swing,SELL CALL,24121.2,23273.05,24362.412,False,SELL CALL,0.35,0,PENDING
2025-04-22T08:25:01.098377,NIFTY,swing,SELL CALL,24121.2,23273.05,24362.412,False,SELL CALL,0.35,0,PENDING
2025-04-22T08:25:02.164788,NIFTY,swing,SELL CALL,24121.2,23273.05,24362.412,False,SELL CALL,0.35,0,PENDING
2025-04-22T08:25:03.053964,NIFTY,swing,SELL CALL,24121.2,23273.05,24362.412,False,SELL CALL,0.35,0,PENDING
2025-04-22T08:25:04.121257,NIFTY,swing,SELL CALL,24121.2,23273.05,24362.412,False,SELL CALL,0.35,0,PENDING
2025-04-22T08:25:05.043047,NIFTY,swing,SELL CALL,24121.2,23273.05,24362.412,False,SELL CALL,0.35,0,PENDING
2025-04-22T08:25:06.127746,NIFTY,swing,SELL CALL,24121.2,23273.05,24362.412,False,SELL CALL,0.35,0,PENDING
2025-04-22T08:25:07.025799,NIFTY,swing,SELL CALL,24121.2,23273.05,24362.412,False,SELL CALL,0.35,0,PENDING
2025-04-22T08:25:18.840287,NIFTY,swing,SELL CALL,24121.2,23273.05,24362.412,False,SELL CALL,0.35,0,PENDING
2025-04-22T08:25:19.731860,NIFTY,swing,SELL CALL,24121.2,23273.05,24362.412,False,SELL CALL,0.35,0,PENDING
2025-04-22T08:25:20.820869,NIFTY,swing,SELL CALL,24121.2,23273.05,24362.412,False,SELL CALL,0.35,0,PENDING
2025-04-22T08:25:21.875793,NIFTY,swing,SELL CALL,24121.2,23273.05,24362.412,False,SELL CALL,0.35,0,PENDING
2025-04-22T08:25:22.922822,NIFTY,swing,SELL CALL,24121.2,23273.05,24362.412,False,SELL CALL,0.35,0,PENDING
2025-04-22T08:25:23.840787,NIFTY,swing,SELL CALL,24121.2,23273.05,24362.412,False,SELL CALL,0.35,0,PENDING
2025-04-22T08:25:24.907152,NIFTY,swing,SELL CALL,24121.2,23273.05,24362.412,False,SELL CALL,0.35,0,PENDING
2025-04-22T08:25:25.836104,NIFTY,swing,SELL CALL,24121.2,23273.05,24362.412,False,SELL CALL,0.35,0,PENDING
2025-04-22T08:25:26.853959,NIFTY,swing,SELL CALL,24121.2,23273.05,24362.412,False,SELL CALL,0.35,0,PENDING
2025-04-22T08:25:27.909987,NIFTY,swing,SELL CALL,24121.2,23273.05,24362.412,False,SELL CALL,0.35,0,PENDING
2025-04-22T08:25:28.824144,NIFTY,swing,SELL CALL,24121.2,23273.05,24362.412,False,SELL CALL,0.35,0,PENDING
2025-04-22T08:25:29.845449,NIFTY,swing,SELL CALL,24121.2,23273.05,24362.412,False,SELL CALL,0.35,0,PENDING
2025-04-22T08:25:30.780422,NIFTY,swing,SELL CALL,24121.2,23273.05,24362.412,False,SELL CALL,0.35,0,PENDING
2025-04-22T08:25:31.804816,NIFTY,swing,SELL CALL,24121.2,23273.05,24362.412,False,SELL CALL,0.35,0,PENDING
2025-04-22T08:25:32.667070,NIFTY,swing,SELL CALL,24121.2,23273.05,24362.412,False,SELL CALL,0.35,0,PENDING
2025-04-22T08:25:33.647584,NIFTY,swing,SELL CALL,24121.2,23273.05,24362.412,False,SELL CALL,0.35,0,PENDING
2025-04-22T08:25:34.530772,NIFTY,swing,SELL CALL,24121.2,23273.05,24362.412,False,SELL CALL,0.35,0,PENDING
2025-04-22T08:25:35.552064,NIFTY,swing,SELL CALL,24121.2,23273.05,24362.412,False,SELL CALL,0.35,0,PENDING
2025-04-22T08:25:36.431386,NIFTY,swing,SELL CALL,24121.2,23273.05,24362.412,False,SELL CALL,0.35,0,PENDING
2025-04-22T08:25:37.422997,NIFTY,swing,SELL CALL,24121.2,23273.05,24362.412,False,SELL CALL,0.35,0,PENDING
2025-04-22T08:25:38.416737,NIFTY,swing,SELL CALL,24121.2,23273.05,24362.412,False,SELL CALL,0.35,0,PENDING
2025-04-22T08:25:39.450764,NIFTY,swing,SELL CALL,24121.2,23273.05,24362.412,False,SELL CALL,0.35,0,PENDING
2025-04-22T08:25:40.330167,NIFTY,swing,SELL CALL,24121.2,23273.05,24362.412,False,SELL CALL,0.35,0,PENDING
2025-04-22T08:25:41.337348,NIFTY,swing,SELL CALL,24121.2,23273.05,24362.412,False,SELL CALL,0.35,0,PENDING
2025-04-22T08:25:42.209762,NIFTY,swing,SELL CALL,24121.2,23273.05,24362.412,False,SELL CALL,0.35,0,PENDING
2025-04-22T08:25:43.231664,NIFTY,swing,SELL CALL,24121.2,23273.05,24362.412,False,SELL CALL,0.35,0,PENDING
2025-04-22T08:25:44.255380,NIFTY,swing,SELL CALL,24121.2,23273.05,24362.412,False,SELL CALL,0.35,0,PENDING
2025-04-22T08:25:45.251703,NIFTY,swing,SELL CALL,24121.2,23273.05,24362.412,False,SELL CALL,0.35,0,PENDING
2025-04-22T08:25:46.125352,NIFTY,swing,SELL CALL,24121.2,23273.05,24362.412,False,SELL CALL,0.35,0,PENDING
2025-04-22T08:25:47.130951,NIFTY,swing,SELL CALL,24121.2,23273.05,24362.412,False,SELL CALL,0.35,0,PENDING
2025-04-22T08:25:48.170426,NIFTY,swing,SELL CALL,24121.2,23273.05,24362.412,False,SELL CALL,0.35,0,PENDING
2025-04-22T08:25:49.059552,NIFTY,swing,SELL CALL,24121.2,23273.05,24362.412,False,SELL CALL,0.35,0,PENDING
2025-04-22T08:25:50.074641,NIFTY,swing,SELL CALL,24121.2,23273.05,24362.412,False,SELL CALL,0.35,0,PENDING
2025-04-22T08:25:51.187863,NIFTY,swing,SELL CALL,24121.2,23273.05,24362.412,False,SELL CALL,0.35,0,PENDING
2025-04-22T08:25:52.096803,NIFTY,swing,SELL CALL,24121.2,23273.05,24362.412,False,SELL CALL,0.35,0,PENDING
2025-04-22T08:25:53.089209,NIFTY,swing,SELL CALL,24121.2,23273.05,24362.412,False,SELL CALL,0.35,0,PENDING
2025-04-22T08:25:54.158809,NIFTY,swing,SELL CALL,24121.2,23273.05,24362.412,False,SELL CALL,0.35,0,PENDING
2025-04-22T08:25:55.048099,NIFTY,swing,SELL CALL,24121.2,23273.05,24362.412,False,SELL CALL,0.35,0,PENDING
2025-04-22T08:25:56.333469,NIFTY,swing,SELL CALL,24121.2,23273.05,24362.412,False,SELL CALL,0.35,0,PENDING
2025-04-22T08:25:57.524298,NIFTY,swing,SELL CALL,24121.2,23273.05,24362.412,False,SELL CALL,0.35,0,PENDING
2025-04-22T08:25:58.643209,NIFTY,swing,SELL CALL,24121.2,23273.05,24362.412,False,SELL CALL,0.35,0,PENDING
2025-04-22T08:25:59.643434,NIFTY,swing,SELL CALL,24121.2,23273.05,24362.412,False,SELL CALL,0.35,0,PENDING
2025-04-22T08:26:01.010895,NIFTY,swing,SELL CALL,24121.2,23273.05,24362.412,False,SELL CALL,0.35,0,PENDING
2025-04-22T08:26:01.982966,NIFTY,swing,SELL CALL,24121.2,23273.05,24362.412,False,SELL CALL,0.35,0,PENDING
2025-04-22T08:26:02.939632,NIFTY,swing,SELL CALL,24121.2,23273.05,24362.412,False,SELL CALL,0.35,0,PENDING
2025-04-22T08:26:03.957318,NIFTY,swing,SELL CALL,24121.2,23273.05,24362.412,False,SELL CALL,0.35,0,PENDING
2025-04-22T08:26:04.993847,NIFTY,swing,SELL CALL,24121.2,23273.05,24362.412,False,SELL CALL,0.35,0,PENDING
2025-04-22T08:26:06.085146,NIFTY,swing,SELL CALL,24121.2,23273.05,24362.412,False,SELL CALL,0.35,0,PENDING
2025-04-22T08:26:06.995088,NIFTY,swing,SELL CALL,24121.2,23273.05,24362.412,False,SELL CALL,0.35,0,PENDING
2025-04-22T08:26:07.987523,NIFTY,swing,SELL CALL,24121.2,23273.05,24362.412,False,SELL CALL,0.35,0,PENDING
2025-04-22T08:26:19.283040,NIFTY,swing,SELL CALL,24121.2,23273.05,24362.412,False,SELL CALL,0.35,0,PENDING
2025-04-22T08:26:20.148734,NIFTY,swing,SELL CALL,24121.2,23273.05,24362.412,False,SELL CALL,0.35,0,PENDING
2025-04-22T08:26:21.146214,NIFTY,swing,SELL CALL,24121.2,23273.05,24362.412,False,SELL CALL,0.35,0,PENDING
2025-04-22T08:26:22.103722,NIFTY,swing,SELL CALL,24121.2,23273.05,24362.412,False,SELL CALL,0.35,0,PENDING
2025-04-22T08:26:23.055218,NIFTY,swing,SELL CALL,24121.2,23273.05,24362.412,False,SELL CALL,0.35,0,PENDING
2025-04-22T08:26:24.026074,NIFTY,swing,SELL CALL,24121.2,23273.05,24362.412,False,SELL CALL,0.35,0,PENDING
2025-04-22T08:26:25.002172,NIFTY,swing,SELL CALL,24121.2,23273.05,24362.412,False,SELL CALL,0.35,0,PENDING
2025-04-22T08:26:26.018035,NIFTY,swing,SELL CALL,24121.2,23273.05,24362.412,False,SELL CALL,0.35,0,PENDING
2025-04-22T08:26:26.937863,NIFTY,swing,SELL CALL,24121.2,23273.05,24362.412,False,SELL CALL,0.35,0,PENDING
2025-04-22T08:26:27.967003,NIFTY,swing,SELL CALL,24121.2,23273.05,24362.412,False,SELL CALL,0.35,0,PENDING
2025-04-22T08:26:28.987308,NIFTY,swing,SELL CALL,24121.2,23273.05,24362.412,False,SELL CALL,0.35,0,PENDING
2025-04-22T08:26:29.976605,NIFTY,swing,SELL CALL,24121.2,23273.05,24362.412,False,SELL CALL,0.35,0,PENDING
2025-04-22T08:26:31.115252,NIFTY,swing,SELL CALL,24121.2,23273.05,24362.412,False,SELL CALL,0.35,0,PENDING
2025-04-22T08:26:31.972295,NIFTY,swing,SELL CALL,24121.2,23273.05,24362.412,False,SELL CALL,0.35,0,PENDING
2025-04-22T08:26:33.016724,NIFTY,swing,SELL CALL,24121.2,23273.05,24362.412,False,SELL CALL,0.35,0,PENDING
2025-04-22T08:26:34.043391,NIFTY,swing,SELL CALL,24121.2,23273.05,24362.412,False,SELL CALL,0.35,0,PENDING
2025-04-22T08:26:35.057375,NIFTY,swing,SELL CALL,24121.2,23273.05,24362.412,False,SELL CALL,0.35,0,PENDING
2025-04-22T08:26:35.941382,NIFTY,swing,SELL CALL,24121.2,23273.05,24362.412,False,SELL CALL,0.35,0,PENDING
2025-04-22T08:26:36.903587,NIFTY,swing,SELL CALL,24121.2,23273.05,24362.412,False,SELL CALL,0.35,0,PENDING
2025-04-22T08:26:37.981279,NIFTY,swing,SELL CALL,24121.2,23273.05,24362.412,False,SELL CALL,0.35,0,PENDING
2025-04-22T08:26:38.858231,NIFTY,swing,SELL CALL,24121.2,23273.05,24362.412,False,SELL CALL,0.35,0,PENDING
2025-04-22T08:26:39.872338,NIFTY,swing,SELL CALL,24121.2,23273.05,24362.412,False,SELL CALL,0.35,0,PENDING
2025-04-22T08:26:40.769573,NIFTY,swing,SELL CALL,24121.2,23273.05,24362.412,False,SELL CALL,0.35,0,PENDING
2025-04-22T08:26:41.722944,NIFTY,swing,SELL CALL,24121.2,23273.05,24362.412,False,SELL CALL,0.35,0,PENDING
2025-04-22T08:26:42.730008,NIFTY,swing,SELL CALL,24121.2,23273.05,24362.412,False,SELL CALL,0.35,0,PENDING
2025-04-22T08:26:43.930636,NIFTY,swing,SELL CALL,24121.2,23273.05,24362.412,False,SELL CALL,0.35,0,PENDING
2025-04-22T08:26:44.823724,NIFTY,swing,SELL CALL,24121.2,23273.05,24362.412,False,SELL CALL,0.35,0,PENDING
2025-04-22T08:26:45.751741,NIFTY,swing,SELL CALL,24121.2,23273.05,24362.412,False,SELL CALL,0.35,0,PENDING
2025-04-22T08:26:46.779327,NIFTY,swing,SELL CALL,24121.2,23273.05,24362.412,False,SELL CALL,0.35,0,PENDING
2025-04-22T08:26:47.710318,NIFTY,swing,SELL CALL,24121.2,23273.05,24362.412,False,SELL CALL,0.35,0,PENDING
2025-04-22T08:26:48.688291,NIFTY,swing,SELL CALL,24121.2,23273.05,24362.412,False,SELL CALL,0.35,0,PENDING
2025-04-22T08:26:49.662056,NIFTY,swing,SELL CALL,24121.2,23273.05,24362.412,False,SELL CALL,0.35,0,PENDING
2025-04-22T08:26:50.662876,NIFTY,swing,SELL CALL,24121.2,23273.05,24362.412,False,SELL CALL,0.35,0,PENDING
2025-04-22T08:26:51.641641,NIFTY,swing,SELL CALL,24121.2,23273.05,24362.412,False,SELL CALL,0.35,0,PENDING
2025-04-22T08:26:52.596781,NIFTY,swing,SELL CALL,24121.2,23273.05,24362.412,False,SELL CALL,0.35,0,PENDING
2025-04-22T08:26:53.554417,NIFTY,swing,SELL CALL,24121.2,23273.05,24362.412,False,SELL CALL,0.35,0,PENDING
2025-04-22T08:26:54.540021,NIFTY,swing,SELL CALL,24121.2,23273.05,24362.412,False,SELL CALL,0.35,0,PENDING
2025-04-22T08:26:55.590801,NIFTY,swing,SELL CALL,24121.2,23273.05,24362.412,False,SELL CALL,0.35,0,PENDING
2025-04-22T08:26:56.604375,NIFTY,swing,SELL CALL,24121.2,23273.05,24362.412,False,SELL CALL,0.35,0,PENDING
2025-04-22T08:26:57.666904,NIFTY,swing,SELL CALL,24121.2,23273.05,24362.412,False,SELL CALL,0.35,0,PENDING
2025-04-22T08:26:58.677720,NIFTY,swing,SELL CALL,24121.2,23273.05,24362.412,False,SELL CALL,0.35,0,PENDING
2025-04-22T08:26:59.694058,NIFTY,swing,SELL CALL,24121.2,23273.05,24362.412,False,SELL CALL,0.35,0,PENDING
2025-04-22T08:27:00.642800,NIFTY,swing,SELL CALL,24121.2,23273.05,24362.412,False,SELL CALL,0.35,0,PENDING
2025-04-22T08:27:01.701400,NIFTY,swing,SELL CALL,24121.2,23273.05,24362.412,False,SELL CALL,0.35,0,PENDING
2025-04-22T08:27:02.575383,NIFTY,swing,SELL CALL,24121.2,23273.05,24362.412,False,SELL CALL,0.35,0,PENDING
2025-04-22T08:27:03.615024,NIFTY,swing,SELL CALL,24121.2,23273.05,24362.412,False,SELL CALL,0.35,0,PENDING
2025-04-22T08:27:04.459630,NIFTY,swing,SELL CALL,24121.2,23273.05,24362.412,False,SELL CALL,0.35,0,PENDING
2025-04-22T08:27:05.497717,NIFTY,swing,SELL CALL,24121.2,23273.05,24362.412,False,SELL CALL,0.35,0,PENDING
2025-04-22T08:27:06.525869,NIFTY,swing,SELL CALL,24121.2,23273.05,24362.412,False,SELL CALL,0.35,0,PENDING
2025-04-22T08:27:07.570143,NIFTY,swing,SELL CALL,24121.2,23273.05,24362.412,False,SELL CALL,0.35,0,PENDING
2025-04-22T08:27:19.099793,NIFTY,swing,SELL CALL,24121.2,23273.05,24362.412,False,SELL CALL,0.35,0,PENDING
2025-04-22T08:27:19.961995,NIFTY,swing,SELL CALL,24121.2,23273.05,24362.412,False,SELL CALL,0.35,0,PENDING
2025-04-22T08:27:20.930351,NIFTY,swing,SELL CALL,24121.2,23273.05,24362.412,False,SELL CALL,0.35,0,PENDING
2025-04-22T08:27:21.906800,NIFTY,swing,SELL CALL,24121.2,23273.05,24362.412,False,SELL CALL,0.35,0,PENDING
2025-04-22T08:27:22.867654,NIFTY,swing,SELL CALL,24121.2,23273.05,24362.412,False,SELL CALL,0.35,0,PENDING
2025-04-22T08:27:23.886308,NIFTY,swing,SELL CALL,24121.2,23273.05,24362.412,False,SELL CALL,0.35,0,PENDING
2025-04-22T08:27:24.849281,NIFTY,swing,SELL CALL,24121.2,23273.05,24362.412,False,SELL CALL,0.35,0,PENDING
2025-04-22T08:27:25.838973,NIFTY,swing,SELL CALL,24121.2,23273.05,24362.412,False,SELL CALL,0.35,0,PENDING
2025-04-22T08:27:26.832622,NIFTY,swing,SELL CALL,24121.2,23273.05,24362.412,False,SELL CALL,0.35,0,PENDING
2025-04-22T08:27:27.789551,NIFTY,swing,SELL CALL,24121.2,23273.05,24362.412,False,SELL CALL,0.35,0,PENDING
2025-04-22T08:27:28.729191,NIFTY,swing,SELL CALL,24121.2,23273.05,24362.412,False,SELL CALL,0.35,0,PENDING
2025-04-22T08:27:29.803369,NIFTY,swing,SELL CALL,24121.2,23273.05,24362.412,False,SELL CALL,0.35,0,PENDING
2025-04-22T08:27:30.747247,NIFTY,swing,SELL CALL,24121.2,23273.05,24362.412,False,SELL CALL,0.35,0,PENDING
2025-04-22T08:27:31.716112,NIFTY,swing,SELL CALL,24121.2,23273.05,24362.412,False,SELL CALL,0.35,0,PENDING
2025-04-22T08:27:32.729004,NIFTY,swing,SELL CALL,24121.2,23273.05,24362.412,False,SELL CALL,0.35,0,PENDING
2025-04-22T08:27:33.582786,NIFTY,swing,SELL CALL,24121.2,23273.05,24362.412,False,SELL CALL,0.35,0,PENDING
2025-04-22T08:27:34.606793,NIFTY,swing,SELL CALL,24121.2,23273.05,24362.412,False,SELL CALL,0.35,0,PENDING
2025-04-22T08:27:35.458812,NIFTY,swing,SELL CALL,24121.2,23273.05,24362.412,False,SELL CALL,0.35,0,PENDING
2025-04-22T08:27:36.440137,NIFTY,swing,SELL CALL,24121.2,23273.05,24362.412,False,SELL CALL,0.35,0,PENDING
2025-04-22T08:27:37.454953,NIFTY,swing,SELL CALL,24121.2,23273.05,24362.412,False,SELL CALL,0.35,0,PENDING
2025-04-22T08:27:38.317752,NIFTY,swing,SELL CALL,24121.2,23273.05,24362.412,False,SELL CALL,0.35,0,PENDING
2025-04-22T08:27:39.352186,NIFTY,swing,SELL CALL,24121.2,23273.05,24362.412,False,SELL CALL,0.35,0,PENDING
2025-04-22T08:27:40.372030,NIFTY,swing,SELL CALL,24121.2,23273.05,24362.412,False,SELL CALL,0.35,0,PENDING
2025-04-22T08:27:41.235260,NIFTY,swing,SELL CALL,24121.2,23273.05,24362.412,False,SELL CALL,0.35,0,PENDING
2025-04-22T08:27:42.185599,NIFTY,swing,SELL CALL,24121.2,23273.05,24362.412,False,SELL CALL,0.35,0,PENDING
2025-04-22T08:27:43.144489,NIFTY,swing,SELL CALL,24121.2,23273.05,24362.412,False,SELL CALL,0.35,0,PENDING
2025-04-22T08:27:44.076015,NIFTY,swing,SELL CALL,24121.2,23273.05,24362.412,False,SELL CALL,0.35,0,PENDING
2025-04-22T08:27:45.093230,NIFTY,swing,SELL CALL,24121.2,23273.05,24362.412,False,SELL CALL,0.35,0,PENDING
2025-04-22T08:27:45.984185,NIFTY,swing,SELL CALL,24121.2,23273.05,24362.412,False,SELL CALL,0.35,0,PENDING
2025-04-22T08:27:46.945193,NIFTY,swing,SELL CALL,24121.2,23273.05,24362.412,False,SELL CALL,0.35,0,PENDING
2025-04-22T08:27:47.924023,NIFTY,swing,SELL CALL,24121.2,23273.05,24362.412,False,SELL CALL,0.35,0,PENDING
2025-04-22T08:27:48.929198,NIFTY,swing,SELL CALL,24121.2,23273.05,24362.412,False,SELL CALL,0.35,0,PENDING
2025-04-22T08:27:49.932026,NIFTY,swing,SELL CALL,24121.2,23273.05,24362.412,False,SELL CALL,0.35,0,PENDING
2025-04-22T08:27:50.881634,NIFTY,swing,SELL CALL,24121.2,23273.05,24362.412,False,SELL CALL,0.35,0,PENDING
2025-04-22T08:27:51.910234,NIFTY,swing,SELL CALL,24121.2,23273.05,24362.412,False,SELL CALL,0.35,0,PENDING
2025-04-22T08:27:52.815342,NIFTY,swing,SELL CALL,24121.2,23273.05,24362.412,False,SELL CALL,0.35,0,PENDING
2025-04-22T08:27:53.826970,NIFTY,swing,SELL CALL,24121.2,23273.05,24362.412,False,SELL CALL,0.35,0,PENDING
2025-04-22T08:27:54.733119,NIFTY,swing,SELL CALL,24121.2,23273.05,24362.412,False,SELL CALL,0.35,0,PENDING
2025-04-22T08:27:55.690647,NIFTY,swing,SELL CALL,24121.2,23273.05,24362.412,False,SELL CALL,0.35,0,PENDING
2025-04-22T08:27:56.663241,NIFTY,swing,SELL CALL,24121.2,23273.05,24362.412,False,SELL CALL,0.35,0,PENDING
2025-04-22T08:27:57.614823,NIFTY,swing,SELL CALL,24121.2,23273.05,24362.412,False,SELL CALL,0.35,0,PENDING
2025-04-22T08:27:58.705693,NIFTY,swing,SELL CALL,24121.2,23273.05,24362.412,False,SELL CALL,0.35,0,PENDING
2025-04-22T08:27:59.567413,NIFTY,swing,SELL CALL,24121.2,23273.05,24362.412,False,SELL CALL,0.35,0,PENDING
2025-04-22T08:28:00.606675,NIFTY,swing,SELL CALL,24121.2,23273.05,24362.412,False,SELL CALL,0.35,0,PENDING
2025-04-22T08:28:01.477372,NIFTY,swing,SELL CALL,24121.2,23273.05,24362.412,False,SELL CALL,0.35,0,PENDING
2025-04-22T08:28:02.491277,NIFTY,swing,SELL CALL,24121.2,23273.05,24362.412,False,SELL CALL,0.35,0,PENDING
2025-04-22T08:28:03.352896,NIFTY,swing,SELL CALL,24121.2,23273.05,24362.412,False,SELL CALL,0.35,0,PENDING
2025-04-22T08:28:04.350064,NIFTY,swing,SELL CALL,24121.2,23273.05,24362.412,False,SELL CALL,0.35,0,PENDING
2025-04-22T08:28:05.213110,NIFTY,swing,SELL CALL,24121.2,23273.05,24362.412,False,SELL CALL,0.35,0,PENDING
2025-04-22T08:28:06.215010,NIFTY,swing,SELL CALL,24121.2,23273.05,24362.412,False,SELL CALL,0.35,0,PENDING
2025-04-22T08:28:18.812589,NIFTY,swing,SELL CALL,24121.2,23273.05,24362.412,False,SELL CALL,0.35,0,PENDING
2025-04-22T08:28:19.836997,NIFTY,swing,SELL CALL,24121.2,23273.05,24362.412,False,SELL CALL,0.35,0,PENDING
2025-04-22T08:28:20.829237,NIFTY,swing,SELL CALL,24121.2,23273.05,24362.412,False,SELL CALL,0.35,0,PENDING
2025-04-22T08:28:21.813410,NIFTY,swing,SELL CALL,24121.2,23273.05,24362.412,False,SELL CALL,0.35,0,PENDING
2025-04-22T08:28:22.783214,NIFTY,swing,SELL CALL,24121.2,23273.05,24362.412,False,SELL CALL,0.35,0,PENDING
2025-04-22T08:28:23.775325,NIFTY,swing,SELL CALL,24121.2,23273.05,24362.412,False,SELL CALL,0.35,0,PENDING
2025-04-22T08:28:24.788616,NIFTY,swing,SELL CALL,24121.2,23273.05,24362.412,False,SELL CALL,0.35,0,PENDING
2025-04-22T08:28:25.760020,NIFTY,swing,SELL CALL,24121.2,23273.05,24362.412,False,SELL CALL,0.35,0,PENDING
2025-04-22T08:28:26.731917,NIFTY,swing,SELL CALL,24121.2,23273.05,24362.412,False,SELL CALL,0.35,0,PENDING
2025-04-22T08:28:27.713009,NIFTY,swing,SELL CALL,24121.2,23273.05,24362.412,False,SELL CALL,0.35,0,PENDING
2025-04-22T08:28:28.815612,NIFTY,swing,SELL CALL,24121.2,23273.05,24362.412,False,SELL CALL,0.35,0,PENDING
2025-04-22T08:28:29.833743,NIFTY,swing,SELL CALL,24121.2,23273.05,24362.412,False,SELL CALL,0.35,0,PENDING
2025-04-22T08:28:30.801704,NIFTY,swing,SELL CALL,24121.2,23273.05,24362.412,False,SELL CALL,0.35,0,PENDING
2025-04-22T08:28:31.844691,NIFTY,swing,SELL CALL,24121.2,23273.05,24362.412,False,SELL CALL,0.35,0,PENDING
2025-04-22T08:28:32.839381,NIFTY,swing,SELL CALL,24121.2,23273.05,24362.412,False,SELL CALL,0.35,0,PENDING
2025-04-22T08:28:33.848618,NIFTY,swing,SELL CALL,24121.2,23273.05,24362.412,False,SELL CALL,0.35,0,PENDING
2025-04-22T08:28:34.818279,NIFTY,swing,SELL CALL,24121.2,23273.05,24362.412,False,SELL CALL,0.35,0,PENDING
2025-04-22T08:28:35.899428,NIFTY,swing,SELL CALL,24121.2,23273.05,24362.412,False,SELL CALL,0.35,0,PENDING
2025-04-22T08:28:36.968499,NIFTY,swing,SELL CALL,24121.2,23273.05,24362.412,False,SELL CALL,0.35,0,PENDING
2025-04-22T08:28:37.946785,NIFTY,swing,SELL CALL,24121.2,23273.05,24362.412,False,SELL CALL,0.35,0,PENDING
2025-04-22T08:28:38.942607,NIFTY,swing,SELL CALL,24121.2,23273.05,24362.412,False,SELL CALL,0.35,0,PENDING
2025-04-22T08:28:39.915299,NIFTY,swing,SELL CALL,24121.2,23273.05,24362.412,False,SELL CALL,0.35,0,PENDING
2025-04-22T08:28:40.899988,NIFTY,swing,SELL CALL,24121.2,23273.05,24362.412,False,SELL CALL,0.35,0,PENDING
2025-04-22T08:28:41.869863,NIFTY,swing,SELL CALL,24121.2,23273.05,24362.412,False,SELL CALL,0.35,0,PENDING
2025-04-22T08:28:42.836995,NIFTY,swing,SELL CALL,24121.2,23273.05,24362.412,False,SELL CALL,0.35,0,PENDING
2025-04-22T08:28:43.806384,NIFTY,swing,SELL CALL,24121.2,23273.05,24362.412,False,SELL CALL,0.35,0,PENDING
2025-04-22T08:28:44.804693,NIFTY,swing,SELL CALL,24121.2,23273.05,24362.412,False,SELL CALL,0.35,0,PENDING
2025-04-22T08:28:45.820444,NIFTY,swing,SELL CALL,24121.2,23273.05,24362.412,False,SELL CALL,0.35,0,PENDING
2025-04-22T08:28:46.936506,NIFTY,swing,SELL CALL,24121.2,23273.05,24362.412,False,SELL CALL,0.35,0,PENDING
2025-04-22T08:28:48.192798,NIFTY,swing,SELL CALL,24121.2,23273.05,24362.412,False,SELL CALL,0.35,0,PENDING
2025-04-22T08:28:49.270378,NIFTY,swing,SELL CALL,24121.2,23273.05,24362.412,False,SELL CALL,0.35,0,PENDING
2025-04-22T08:28:50.304408,NIFTY,swing,SELL CALL,24121.2,23273.05,24362.412,False,SELL CALL,0.35,0,PENDING
2025-04-22T08:28:51.335792,NIFTY,swing,SELL CALL,24121.2,23273.05,24362.412,False,SELL CALL,0.35,0,PENDING
2025-04-22T08:28:52.372862,NIFTY,swing,SELL CALL,24121.2,23273.05,24362.412,False,SELL CALL,0.35,0,PENDING
2025-04-22T08:28:53.385791,NIFTY,swing,SELL CALL,24121.2,23273.05,24362.412,False,SELL CALL,0.35,0,PENDING
2025-04-22T08:28:54.475723,NIFTY,swing,SELL CALL,24121.2,23273.05,24362.412,False,SELL CALL,0.35,0,PENDING
2025-04-22T08:28:55.511058,NIFTY,swing,SELL CALL,24121.2,23273.05,24362.412,False,SELL CALL,0.35,0,PENDING
2025-04-22T08:28:56.613178,NIFTY,swing,SELL CALL,24121.2,23273.05,24362.412,False,SELL CALL,0.35,0,PENDING
2025-04-22T08:28:57.643385,NIFTY,swing,SELL CALL,24121.2,23273.05,24362.412,False,SELL CALL,0.35,0,PENDING
2025-04-22T08:28:58.750384,NIFTY,swing,SELL CALL,24121.2,23273.05,24362.412,False,SELL CALL,0.35,0,PENDING
2025-04-22T08:28:59.815453,NIFTY,swing,SELL CALL,24121.2,23273.05,24362.412,False,SELL CALL,0.35,0,PENDING
2025-04-22T08:29:00.821134,NIFTY,swing,SELL CALL,24121.2,23273.05,24362.412,False,SELL CALL,0.35,0,PENDING
2025-04-22T08:29:01.873483,NIFTY,swing,SELL CALL,24121.2,23273.05,24362.412,False,SELL CALL,0.35,0,PENDING
2025-04-22T08:29:02.920552,NIFTY,swing,SELL CALL,24121.2,23273.05,24362.412,False,SELL CALL,0.35,0,PENDING
2025-04-22T08:29:03.949479,NIFTY,swing,SELL CALL,24121.2,23273.05,24362.412,False,SELL CALL,0.35,0,PENDING
2025-04-22T08:29:04.968441,NIFTY,swing,SELL CALL,24121.2,23273.05,24362.412,False,SELL CALL,0.35,0,PENDING
2025-04-22T08:29:06.024471,NIFTY,swing,SELL CALL,24121.2,23273.05,24362.412,False,SELL CALL,0.35,0,PENDING
2025-04-22T08:29:07.065194,NIFTY,swing,SELL CALL,24121.2,23273.05,24362.412,False,SELL CALL,0.35,0,PENDING
2025-04-22T08:29:08.086966,NIFTY,swing,SELL CALL,24121.2,23273.05,24362.412,False,SELL CALL,0.35,0,PENDING
2025-04-22T08:29:09.112154,NIFTY,swing,SELL CALL,24121.2,23273.05,24362.412,False,SELL CALL,0.35,0,PENDING
2025-04-22T08:29:10.172033,NIFTY,swing,SELL CALL,24121.2,23273.05,24362.412,False,SELL CALL,0.35,0,PENDING
2025-04-22T08:29:19.801787,NIFTY,swing,SELL CALL,24121.2,23273.05,24362.412,False,SELL CALL,0.35,0,PENDING
2025-04-22T08:29:21.023991,NIFTY,swing,SELL CALL,24121.2,23273.05,24362.412,False,SELL CALL,0.35,0,PENDING
2025-04-22T08:29:22.102857,NIFTY,swing,SELL CALL,24121.2,23273.05,24362.412,False,SELL CALL,0.35,0,PENDING
2025-04-22T08:29:23.156611,NIFTY,swing,SELL CALL,24121.2,23273.05,24362.412,False,SELL CALL,0.35,0,PENDING
2025-04-22T08:29:24.410445,NIFTY,swing,SELL CALL,24121.2,23273.05,24362.412,False,SELL CALL,0.35,0,PENDING
2025-04-22T08:29:25.531527,NIFTY,swing,SELL CALL,24121.2,23273.05,24362.412,False,SELL CALL,0.35,0,PENDING
2025-04-22T08:29:26.578664,NIFTY,swing,SELL CALL,24121.2,23273.05,24362.412,False,SELL CALL,0.35,0,PENDING
2025-04-22T08:29:27.805151,NIFTY,swing,SELL CALL,24121.2,23273.05,24362.412,False,SELL CALL,0.35,0,PENDING
2025-04-22T08:29:28.855604,NIFTY,swing,SELL CALL,24121.2,23273.05,24362.412,False,SELL CALL,0.35,0,PENDING
2025-04-22T08:29:29.846142,NIFTY,swing,SELL CALL,24121.2,23273.05,24362.412,False,SELL CALL,0.35,0,PENDING
2025-04-22T08:29:30.913711,NIFTY,swing,SELL CALL,24121.2,23273.05,24362.412,False,SELL CALL,0.35,0,PENDING
2025-04-22T08:29:31.995335,NIFTY,swing,SELL CALL,24121.2,23273.05,24362.412,False,SELL CALL,0.35,0,PENDING
2025-04-22T08:29:33.044171,NIFTY,swing,SELL CALL,24121.2,23273.05,24362.412,False,SELL CALL,0.35,0,PENDING
2025-04-22T08:29:34.123954,NIFTY,swing,SELL CALL,24121.2,23273.05,24362.412,False,SELL CALL,0.35,0,PENDING
2025-04-22T08:29:35.172032,NIFTY,swing,SELL CALL,24121.2,23273.05,24362.412,False,SELL CALL,0.35,0,PENDING
2025-04-22T08:29:36.213300,NIFTY,swing,SELL CALL,24121.2,23273.05,24362.412,False,SELL CALL,0.35,0,PENDING
2025-04-22T08:29:37.275102,NIFTY,swing,SELL CALL,24121.2,23273.05,24362.412,False,SELL CALL,0.35,0,PENDING
2025-04-22T08:29:38.333599,NIFTY,swing,SELL CALL,24121.2,23273.05,24362.412,False,SELL CALL,0.35,0,PENDING
2025-04-22T08:29:39.455696,NIFTY,swing,SELL CALL,24121.2,23273.05,24362.412,False,SELL CALL,0.35,0,PENDING
2025-04-22T08:29:40.958236,NIFTY,swing,SELL CALL,24121.2,23273.05,24362.412,False,SELL CALL,0.35,0,PENDING
2025-04-22T08:29:42.015920,NIFTY,swing,SELL CALL,24121.2,23273.05,24362.412,False,SELL CALL,0.35,0,PENDING
2025-04-22T08:29:43.062848,NIFTY,swing,SELL CALL,24121.2,23273.05,24362.412,False,SELL CALL,0.35,0,PENDING
2025-04-22T08:29:44.143102,NIFTY,swing,SELL CALL,24121.2,23273.05,24362.412,False,SELL CALL,0.35,0,PENDING
2025-04-22T08:29:45.224811,NIFTY,swing,SELL CALL,24121.2,23273.05,24362.412,False,SELL CALL,0.35,0,PENDING
2025-04-22T08:29:46.261647,NIFTY,swing,SELL CALL,24121.2,23273.05,24362.412,False,SELL CALL,0.35,0,PENDING
2025-04-22T08:29:47.361164,NIFTY,swing,SELL CALL,24121.2,23273.05,24362.412,False,SELL CALL,0.35,0,PENDING
2025-04-22T08:29:48.407268,NIFTY,swing,SELL CALL,24121.2,23273.05,24362.412,False,SELL CALL,0.35,0,PENDING
2025-04-22T08:29:49.450715,NIFTY,swing,SELL CALL,24121.2,23273.05,24362.412,False,SELL CALL,0.35,0,PENDING
2025-04-22T08:29:50.519496,NIFTY,swing,SELL CALL,24121.2,23273.05,24362.412,False,SELL CALL,0.35,0,PENDING
2025-04-22T08:29:51.542058,NIFTY,swing,SELL CALL,24121.2,23273.05,24362.412,False,SELL CALL,0.35,0,PENDING
2025-04-22T08:29:52.576381,NIFTY,swing,SELL CALL,24121.2,23273.05,24362.412,False,SELL CALL,0.35,0,PENDING
2025-04-22T08:29:53.633383,NIFTY,swing,SELL CALL,24121.2,23273.05,24362.412,False,SELL CALL,0.35,0,PENDING
2025-04-22T08:29:54.663065,NIFTY,swing,SELL CALL,24121.2,23273.05,24362.412,False,SELL CALL,0.35,0,PENDING
2025-04-22T08:29:55.776580,NIFTY,swing,SELL CALL,24121.2,23273.05,24362.412,False,SELL CALL,0.35,0,PENDING
2025-04-22T08:29:56.839219,NIFTY,swing,SELL CALL,24121.2,23273.05,24362.412,False,SELL CALL,0.35,0,PENDING
2025-04-22T08:29:57.896853,NIFTY,swing,SELL CALL,24121.2,23273.05,24362.412,False,SELL CALL,0.35,0,PENDING
2025-04-22T08:29:59.002363,NIFTY,swing,SELL CALL,24121.2,23273.05,24362.412,False,SELL CALL,0.35,0,PENDING
2025-04-22T08:30:00.299563,NIFTY,swing,SELL CALL,24121.2,23273.05,24362.412,False,SELL CALL,0.35,0,PENDING
2025-04-22T08:30:01.368466,NIFTY,swing,SELL CALL,24121.2,23273.05,24362.412,False,SELL CALL,0.35,0,PENDING
2025-04-22T08:30:02.426469,NIFTY,swing,SELL CALL,24121.2,23273.05,24362.412,False,SELL CALL,0.35,0,PENDING
2025-04-22T08:30:03.561142,NIFTY,swing,SELL CALL,24121.2,23273.05,24362.412,False,SELL CALL,0.35,0,PENDING
2025-04-22T08:30:04.621254,NIFTY,swing,SELL CALL,24121.2,23273.05,24362.412,False,SELL CALL,0.35,0,PENDING
2025-04-22T08:30:05.686078,NIFTY,swing,SELL CALL,24121.2,23273.05,24362.412,False,SELL CALL,0.35,0,PENDING
2025-04-22T08:30:06.710063,NIFTY,swing,SELL CALL,24121.2,23273.05,24362.412,False,SELL CALL,0.35,0,PENDING
2025-04-22T08:30:07.750144,NIFTY,swing,SELL CALL,24121.2,23273.05,24362.412,False,SELL CALL,0.35,0,PENDING
2025-04-22T08:30:08.798894,NIFTY,swing,SELL CALL,24121.2,23273.05,24362.412,False,SELL CALL,0.35,0,PENDING
2025-04-22T08:30:09.892895,NIFTY,swing,SELL CALL,24121.2,23273.05,24362.412,False,SELL CALL,0.35,0,PENDING
2025-04-22T08:30:10.935041,NIFTY,swing,SELL CALL,24121.2,23273.05,24362.412,False,SELL CALL,0.35,0,PENDING
2025-04-22T08:30:11.989783,NIFTY,swing,SELL CALL,24121.2,23273.05,24362.412,False,SELL CALL,0.35,0,PENDING
2025-04-22T08:30:12.996381,NIFTY,swing,SELL CALL,24121.2,23273.05,24362.412,False,SELL CALL,0.35,0,PENDING
2025-04-22T08:30:19.351766,NIFTY,swing,SELL CALL,24121.2,23273.05,24362.412,False,SELL CALL,0.35,0,PENDING
2025-04-22T08:30:20.430662,NIFTY,swing,SELL CALL,24121.2,23273.05,24362.412,False,SELL CALL,0.35,0,PENDING
2025-04-22T08:30:21.498814,NIFTY,swing,SELL CALL,24121.2,23273.05,24362.412,False,SELL CALL,0.35,0,PENDING
2025-04-22T08:30:22.529693,NIFTY,swing,SELL CALL,24121.2,23273.05,24362.412,False,SELL CALL,0.35,0,PENDING
2025-04-22T08:30:23.607440,NIFTY,swing,SELL CALL,24121.2,23273.05,24362.412,False,SELL CALL,0.35,0,PENDING
2025-04-22T08:30:24.665753,NIFTY,swing,SELL CALL,24121.2,23273.05,24362.412,False,SELL CALL,0.35,0,PENDING
2025-04-22T08:30:25.819777,NIFTY,swing,SELL CALL,24121.2,23273.05,24362.412,False,SELL CALL,0.35,0,PENDING
2025-04-22T08:30:26.821963,NIFTY,swing,SELL CALL,24121.2,23273.05,24362.412,False,SELL CALL,0.35,0,PENDING
2025-04-22T08:30:27.861603,NIFTY,swing,SELL CALL,24121.2,23273.05,24362.412,False,SELL CALL,0.35,0,PENDING
2025-04-22T08:30:28.943520,NIFTY,swing,SELL CALL,24121.2,23273.05,24362.412,False,SELL CALL,0.35,0,PENDING
2025-04-22T08:30:30.033359,NIFTY,swing,SELL CALL,24121.2,23273.05,24362.412,False,SELL CALL,0.35,0,PENDING
2025-04-22T08:30:31.083313,NIFTY,swing,SELL CALL,24121.2,23273.05,24362.412,False,SELL CALL,0.35,0,PENDING
2025-04-22T08:30:32.122231,NIFTY,swing,SELL CALL,24121.2,23273.05,24362.412,False,SELL CALL,0.35,0,PENDING
2025-04-22T08:30:33.128722,NIFTY,swing,SELL CALL,24121.2,23273.05,24362.412,False,SELL CALL,0.35,0,PENDING
2025-04-22T08:30:34.175435,NIFTY,swing,SELL CALL,24121.2,23273.05,24362.412,False,SELL CALL,0.35,0,PENDING
2025-04-22T08:30:35.232788,NIFTY,swing,SELL CALL,24121.2,23273.05,24362.412,False,SELL CALL,0.35,0,PENDING
2025-04-22T08:30:36.240299,NIFTY,swing,SELL CALL,24121.2,23273.05,24362.412,False,SELL CALL,0.35,0,PENDING
2025-04-22T08:30:37.302472,NIFTY,swing,SELL CALL,24121.2,23273.05,24362.412,False,SELL CALL,0.35,0,PENDING
2025-04-22T08:30:38.402628,NIFTY,swing,SELL CALL,24121.2,23273.05,24362.412,False,SELL CALL,0.35,0,PENDING
2025-04-22T08:30:39.409989,NIFTY,swing,SELL CALL,24121.2,23273.05,24362.412,False,SELL CALL,0.35,0,PENDING
2025-04-22T08:30:40.528940,NIFTY,swing,SELL CALL,24121.2,23273.05,24362.412,False,SELL CALL,0.35,0,PENDING
2025-04-22T08:30:41.550303,NIFTY,swing,SELL CALL,24121.2,23273.05,24362.412,False,SELL CALL,0.35,0,PENDING
2025-04-22T08:30:42.601348,NIFTY,swing,SELL CALL,24121.2,23273.05,24362.412,False,SELL CALL,0.35,0,PENDING
2025-04-22T08:30:43.673403,NIFTY,swing,SELL CALL,24121.2,23273.05,24362.412,False,SELL CALL,0.35,0,PENDING
2025-04-22T08:30:44.709048,NIFTY,swing,SELL CALL,24121.2,23273.05,24362.412,False,SELL CALL,0.35,0,PENDING
2025-04-22T08:30:45.745764,NIFTY,swing,SELL CALL,24121.2,23273.05,24362.412,False,SELL CALL,0.35,0,PENDING
2025-04-22T08:30:46.810052,NIFTY,swing,SELL CALL,24121.2,23273.05,24362.412,False,SELL CALL,0.35,0,PENDING
2025-04-22T08:30:47.910036,NIFTY,swing,SELL CALL,24121.2,23273.05,24362.412,False,SELL CALL,0.35,0,PENDING
2025-04-22T08:30:48.970862,NIFTY,swing,SELL CALL,24121.2,23273.05,24362.412,False,SELL CALL,0.35,0,PENDING
2025-04-22T08:30:50.011638,NIFTY,swing,SELL CALL,24121.2,23273.05,24362.412,False,SELL CALL,0.35,0,PENDING
2025-04-22T08:30:51.077476,NIFTY,swing,SELL CALL,24121.2,23273.05,24362.412,False,SELL CALL,0.35,0,PENDING
2025-04-22T08:30:52.078003,NIFTY,swing,SELL CALL,24121.2,23273.05,24362.412,False,SELL CALL,0.35,0,PENDING
2025-04-22T08:30:53.167426,NIFTY,swing,SELL CALL,24121.2,23273.05,24362.412,False,SELL CALL,0.35,0,PENDING
2025-04-22T08:30:54.223755,NIFTY,swing,SELL CALL,24121.2,23273.05,24362.412,False,SELL CALL,0.35,0,PENDING
2025-04-22T08:30:55.250667,NIFTY,swing,SELL CALL,24121.2,23273.05,24362.412,False,SELL CALL,0.35,0,PENDING
2025-04-22T08:30:56.413565,NIFTY,swing,SELL CALL,24121.2,23273.05,24362.412,False,SELL CALL,0.35,0,PENDING
2025-04-22T08:30:57.413706,NIFTY,swing,SELL CALL,24121.2,23273.05,24362.412,False,SELL CALL,0.35,0,PENDING
2025-04-22T08:30:58.468814,NIFTY,swing,SELL CALL,24121.2,23273.05,24362.412,False,SELL CALL,0.35,0,PENDING
2025-04-22T08:30:59.464543,NIFTY,swing,SELL CALL,24121.2,23273.05,24362.412,False,SELL CALL,0.35,0,PENDING
2025-04-22T08:31:00.496951,NIFTY,swing,SELL CALL,24121.2,23273.05,24362.412,False,SELL CALL,0.35,0,PENDING
2025-04-22T08:31:01.560522,NIFTY,swing,SELL CALL,24121.2,23273.05,24362.412,False,SELL CALL,0.35,0,PENDING
2025-04-22T08:31:02.626065,NIFTY,swing,SELL CALL,24121.2,23273.05,24362.412,False,SELL CALL,0.35,0,PENDING
2025-04-22T08:31:03.656231,NIFTY,swing,SELL CALL,24121.2,23273.05,24362.412,False,SELL CALL,0.35,0,PENDING
2025-04-22T08:40:19.878810,NIFTY,swing,SELL CALL,24121.2,23273.05,24362.412,False,SELL CALL,0.35,0,PENDING
2025-04-22T08:40:21.129588,NIFTY,swing,SELL CALL,24121.2,23273.05,24362.412,False,SELL CALL,0.35,0,PENDING
2025-04-22T08:40:22.264047,NIFTY,swing,SELL CALL,24121.2,23273.05,24362.412,False,SELL CALL,0.35,0,PENDING
2025-04-22T08:40:23.397967,NIFTY,swing,SELL CALL,24121.2,23273.05,24362.412,False,SELL CALL,0.35,0,PENDING
2025-04-22T08:40:24.702503,NIFTY,swing,SELL CALL,24121.2,23273.05,24362.412,False,SELL CALL,0.35,0,PENDING
2025-04-22T08:40:25.796712,NIFTY,swing,SELL CALL,24121.2,23273.05,24362.412,False,SELL CALL,0.35,0,PENDING
2025-04-22T08:40:27.100657,NIFTY,swing,SELL CALL,24121.2,23273.05,24362.412,False,SELL CALL,0.35,0,PENDING
2025-04-22T08:40:28.402094,NIFTY,swing,SELL CALL,24121.2,23273.05,24362.412,False,SELL CALL,0.35,0,PENDING
2025-04-22T08:40:29.743838,NIFTY,swing,SELL CALL,24121.2,23273.05,24362.412,False,SELL CALL,0.35,0,PENDING
2025-04-22T08:40:30.834978,NIFTY,swing,SELL CALL,24121.2,23273.05,24362.412,False,SELL CALL,0.35,0,PENDING
2025-04-22T08:40:31.908967,NIFTY,swing,SELL CALL,24121.2,23273.05,24362.412,False,SELL CALL,0.35,0,PENDING
2025-04-22T08:40:33.096548,NIFTY,swing,SELL CALL,24121.2,23273.05,24362.412,False,SELL CALL,0.35,0,PENDING
2025-04-22T08:40:34.243111,NIFTY,swing,SELL CALL,24121.2,23273.05,24362.412,False,SELL CALL,0.35,0,PENDING
2025-04-22T08:40:35.563107,NIFTY,swing,SELL CALL,24121.2,23273.05,24362.412,False,SELL CALL,0.35,0,PENDING
2025-04-22T08:40:36.658220,NIFTY,swing,SELL CALL,24121.2,23273.05,24362.412,False,SELL CALL,0.35,0,PENDING
2025-04-22T08:40:37.818887,NIFTY,swing,SELL CALL,24121.2,23273.05,24362.412,False,SELL CALL,0.35,0,PENDING
2025-04-22T08:40:38.965418,NIFTY,swing,SELL CALL,24121.2,23273.05,24362.412,False,SELL CALL,0.35,0,PENDING
2025-04-22T08:40:40.038685,NIFTY,swing,SELL CALL,24121.2,23273.05,24362.412,False,SELL CALL,0.35,0,PENDING
2025-04-22T08:40:41.163797,NIFTY,swing,SELL CALL,24121.2,23273.05,24362.412,False,SELL CALL,0.35,0,PENDING
2025-04-22T08:40:42.454415,NIFTY,swing,SELL CALL,24121.2,23273.05,24362.412,False,SELL CALL,0.35,0,PENDING
2025-04-22T08:40:43.552185,NIFTY,swing,SELL CALL,24121.2,23273.05,24362.412,False,SELL CALL,0.35,0,PENDING
2025-04-22T08:40:44.672122,NIFTY,swing,SELL CALL,24121.2,23273.05,24362.412,False,SELL CALL,0.35,0,PENDING
2025-04-22T08:40:45.754617,NIFTY,swing,SELL CALL,24121.2,23273.05,24362.412,False,SELL CALL,0.35,0,PENDING
2025-04-22T08:40:46.935699,NIFTY,swing,SELL CALL,24121.2,23273.05,24362.412,False,SELL CALL,0.35,0,PENDING
2025-04-22T08:40:48.108946,NIFTY,swing,SELL CALL,24121.2,23273.05,24362.412,False,SELL CALL,0.35,0,PENDING
2025-04-22T08:40:49.293212,NIFTY,swing,SELL CALL,24121.2,23273.05,24362.412,False,SELL CALL,0.35,0,PENDING
2025-04-22T08:40:50.478098,NIFTY,swing,SELL CALL,24121.2,23273.05,24362.412,False,SELL CALL,0.35,0,PENDING
2025-04-22T08:40:51.621874,NIFTY,swing,SELL CALL,24121.2,23273.05,24362.412,False,SELL CALL,0.35,0,PENDING
2025-04-22T08:40:52.749302,NIFTY,swing,SELL CALL,24121.2,23273.05,24362.412,False,SELL CALL,0.35,0,PENDING
2025-04-22T08:40:53.991384,NIFTY,swing,SELL CALL,24121.2,23273.05,24362.412,False,SELL CALL,0.35,0,PENDING
2025-04-22T08:40:55.174374,NIFTY,swing,SELL CALL,24121.2,23273.05,24362.412,False,SELL CALL,0.35,0,PENDING
2025-04-22T08:40:56.339759,NIFTY,swing,SELL CALL,24121.2,23273.05,24362.412,False,SELL CALL,0.35,0,PENDING
2025-04-22T08:40:57.488232,NIFTY,swing,SELL CALL,24121.2,23273.05,24362.412,False,SELL CALL,0.35,0,PENDING
2025-04-22T08:40:58.606830,NIFTY,swing,SELL CALL,24121.2,23273.05,24362.412,False,SELL CALL,0.35,0,PENDING
2025-04-22T08:40:59.738889,NIFTY,swing,SELL CALL,24121.2,23273.05,24362.412,False,SELL CALL,0.35,0,PENDING
2025-04-22T08:41:00.907727,NIFTY,swing,SELL CALL,24121.2,23273.05,24362.412,False,SELL CALL,0.35,0,PENDING
2025-04-22T08:41:02.018035,NIFTY,swing,SELL CALL,24121.2,23273.05,24362.412,False,SELL CALL,0.35,0,PENDING
2025-04-22T08:41:03.195332,NIFTY,swing,SELL CALL,24121.2,23273.05,24362.412,False,SELL CALL,0.35,0,PENDING
2025-04-22T08:41:04.320551,NIFTY,swing,SELL CALL,24121.2,23273.05,24362.412,False,SELL CALL,0.35,0,PENDING
2025-04-22T08:41:05.549033,NIFTY,swing,SELL CALL,24121.2,23273.05,24362.412,False,SELL CALL,0.35,0,PENDING
2025-04-22T08:41:06.716308,NIFTY,swing,SELL CALL,24121.2,23273.05,24362.412,False,SELL CALL,0.35,0,PENDING
2025-04-22T08:41:07.851742,NIFTY,swing,SELL CALL,24121.2,23273.05,24362.412,False,SELL CALL,0.35,0,PENDING
2025-04-22T08:41:08.948491,NIFTY,swing,SELL CALL,24121.2,23273.05,24362.412,False,SELL CALL,0.35,0,PENDING
2025-04-22T08:41:10.073200,NIFTY,swing,SELL CALL,24121.2,23273.05,24362.412,False,SELL CALL,0.35,0,PENDING
2025-04-22T08:41:11.167735,NIFTY,swing,SELL CALL,24121.2,23273.05,24362.412,False,SELL CALL,0.35,0,PENDING
2025-04-22T08:41:12.303276,NIFTY,swing,SELL CALL,24121.2,23273.05,24362.412,False,SELL CALL,0.35,0,PENDING
2025-04-22T08:41:13.443851,NIFTY,swing,SELL CALL,24121.2,23273.05,24362.412,False,SELL CALL,0.35,0,PENDING
2025-04-22T08:41:14.548932,NIFTY,swing,SELL CALL,24121.2,23273.05,24362.412,False,SELL CALL,0.35,0,PENDING
2025-04-22T08:41:15.811742,NIFTY,swing,SELL CALL,24121.2,23273.05,24362.412,False,SELL CALL,0.35,0,PENDING
2025-04-22T08:41:17.081870,NIFTY,swing,SELL CALL,24121.2,23273.05,24362.412,False,SELL CALL,0.35,0,PENDING
2025-04-22T08:41:19.874171,NIFTY,swing,SELL CALL,24121.2,23273.05,24362.412,False,SELL CALL,0.35,0,PENDING
2025-04-22T08:41:21.234546,NIFTY,swing,SELL CALL,24121.2,23273.05,24362.412,False,SELL CALL,0.35,0,PENDING
2025-04-22T08:41:22.452763,NIFTY,swing,SELL CALL,24121.2,23273.05,24362.412,False,SELL CALL,0.35,0,PENDING
